<?xml version="1.0" encoding="UTF-8"?>
<CustomField xmlns="http://soap.sforce.com/2006/04/metadata">
    <fullName>Exception_Type__c</fullName>
    <description>Shows the type of exception thrown when executing the Apex controller associated with the recordMap component, if any.</description>
    <externalId>false</externalId>
    <inlineHelpText>If any exception was thrown in Apex during the course of this execution, the type of exception thrown is shown here</inlineHelpText>
    <label>Exception Type</label>
    <length>255</length>
    <required>false</required>
    <trackTrending>false</trackTrending>
    <type>Text</type>
    <unique>false</unique>
</CustomField>
