<?xml version="1.0" encoding="UTF-8"?>
<CustomField xmlns="http://soap.sforce.com/2006/04/metadata">
    <fullName>Object_Name__c</fullName>
    <description>The name of the object on which this error occurred</description>
    <externalId>false</externalId>
    <inlineHelpText>The name of the object on which this error occurred</inlineHelpText>
    <label>Object Name</label>
    <length>255</length>
    <required>false</required>
    <trackTrending>false</trackTrending>
    <type>Text</type>
    <unique>false</unique>
</CustomField>
