<?xml version="1.0" encoding="UTF-8"?>
<CustomField xmlns="http://soap.sforce.com/2006/04/metadata">
    <fullName>Inaccessible_Fields__c</fullName>
    <description>This field is populated when an error occurs within the recordMap mapping component. The field displays the fields which this user had no access to. Questions? Tweet @SFMichaelHolt</description>
    <externalId>false</externalId>
    <inlineHelpText>Shows the fields the user had no access to when attempting to view the recordMap component</inlineHelpText>
    <label>Inaccessible Fields</label>
    <length>4096</length>
    <trackTrending>false</trackTrending>
    <type>LongTextArea</type>
    <visibleLines>3</visibleLines>
</CustomField>
