<?xml version="1.0" encoding="UTF-8"?>
<CustomField xmlns="http://soap.sforce.com/2006/04/metadata">
    <fullName>Record_ID__c</fullName>
    <description>The record on which the error occurred</description>
    <externalId>false</externalId>
    <inlineHelpText>The record where this error occurred</inlineHelpText>
    <label>Record ID</label>
    <length>18</length>
    <required>false</required>
    <trackTrending>false</trackTrending>
    <type>Text</type>
    <unique>false</unique>
</CustomField>
